nearest_place,monitoring_area,latitude,longitude
Ambakandawila,Northern Mangrove Area 1,7.53989,79.79989
Ambakandawila,Northern Mangrove Area 2,7.535089,79.798511
Ambakandawila,Northern Mangrove Area 3,7.532751,79.798111
Ambakandawila,Central Mangrove Area 1,7.526971,79.802079
Ambakandawila,Central Mangrove Area 2,7.522569,79.801783
Ambakandawila,Central Mangrove Area 3,7.522166,79.803
Ambakandawila,Southern Mangrove Area 1,7.518334,79.804777
Ambakandawila,Southern Mangrove Area 2,7.518273,79.80407
Ambakandawila,Southern Mangrove Area 3,7.517628,79.805745
Anavilundawa,Northern Mangrove Area 1,7.718889,79.803889
Anavilundawa,Northern Mangrove Area 2,7.718111,79.802556
Anavilundawa,Northern Mangrove Area 3,7.717888,79.803666
Anavilundawa,Northern Mangrove Area 4,7.716969,79.802492
Anavilundawa,Northern Mangrove Area 5,7.714432,79.798753
Anavilundawa,Northern Mangrove Area 6,7.714,79.801887
Anavilundawa,Northern Mangrove Area 7,7.712726,79.800621
Anavilundawa,Northern Mangrove Area 8,7.712259,79.802185
Anavilundawa,Northern Mangrove Area 9,7.711888,79.803
Anavilundawa,Northern Mangrove Area 10,7.711622,79.801577
Anavilundawa,Central Mangrove Area 1,7.710999,79.80211
Anavilundawa,Central Mangrove Area 2,7.710666,79.801887
Anavilundawa,Central Mangrove Area 3,7.708902,79.798482
Anavilundawa,Central Mangrove Area 4,7.7075,79.799276
Anavilundawa,Central Mangrove Area 5,7.702392,79.799901
Anavilundawa,Central Mangrove Area 6,7.700511,79.801533
Anavilundawa,Central Mangrove Area 7,7.699334,79.801446
Anavilundawa,Central Mangrove Area 8,7.698999,79.803889
Anavilundawa,Central Mangrove Area 9,7.697443,79.803666
Anavilundawa,Southern Mangrove Area 1,7.697074,79.804629
Anavilundawa,Southern Mangrove Area 2,7.696556,79.803666
Anavilundawa,Southern Mangrove Area 3,7.695649,79.801208
Anavilundawa,Southern Mangrove Area 4,7.695445,79.802556
Anavilundawa,Southern Mangrove Area 5,7.693371,79.803295
Anavilundawa,Southern Mangrove Area 6,7.693074,79.802631
Anavilundawa,Southern Mangrove Area 7,7.692377,79.803354
Anavilundawa,Southern Mangrove Area 8,7.690556,79.802888
Anavilundawa,Southern Mangrove Area 9,7.690335,79.802556
Anavilundawa,Southern Mangrove Area 10,7.690001,79.801722
Baththalangunduwa,Northern Mangrove Area,8.497169,79.781321
Baththalangunduwa,Central Mangrove Area,8.490681,79.781181
Baththalangunduwa,Southern Mangrove Area,8.487659,79.782135
Battulu Oya,Northern Mangrove Area 1,7.723358,79.805577
Battulu Oya,Northern Mangrove Area 2,7.72295,79.806573
Battulu Oya,Northern Mangrove Area 3,7.72278,79.805887
Battulu Oya,Central Mangrove Area 1,7.721666,79.804445
Battulu Oya,Central Mangrove Area 2,7.721,79.805223
Battulu Oya,Central Mangrove Area 3,7.721,79.80611
Battulu Oya,Southern Mangrove Area 1,7.719779,79.804777
Battulu Oya,Southern Mangrove Area 2,7.719444,79.804333
Battulu Oya,Southern Mangrove Area 3,7.71911,79.804777
Dutch Bay,Northern Mangrove Area,8.302556,79.766112
Dutch Bay,Southern Mangrove Area,8.299919,79.761824
Gangewadiya,Northern Mangrove Area 1,8.307889,79.840222
Gangewadiya,Northern Mangrove Area 2,8.307666,79.841
Gangewadiya,Northern Mangrove Area 3,8.304222,79.841778
Gangewadiya,Northern Mangrove Area 4,8.302693,79.834798
Gangewadiya,Northern Mangrove Area 5,8.301667,79.843999
Gangewadiya,Northern Mangrove Area 6,8.300703,79.844926
Gangewadiya,Northern Mangrove Area 7,8.299444,79.83771
Gangewadiya,Central Mangrove Area 1,8.298618,79.836168
Gangewadiya,Central Mangrove Area 2,8.296791,79.852338
Gangewadiya,Central Mangrove Area 3,8.293713,79.835303
Gangewadiya,Central Mangrove Area 4,8.293404,79.840318
Gangewadiya,Central Mangrove Area 5,8.292676,79.84104
Gangewadiya,Central Mangrove Area 6,8.291399,79.842053
Gangewadiya,Central Mangrove Area 7,8.289973,79.850638
Gangewadiya,Southern Mangrove Area 1,8.282111,79.852333
Gangewadiya,Southern Mangrove Area 2,8.28115,79.848925
Gangewadiya,Southern Mangrove Area 3,8.281045,79.853887
Gangewadiya,Southern Mangrove Area 4,8.280667,79.850112
Gangewadiya,Southern Mangrove Area 5,8.280332,79.850333
Gangewadiya,Southern Mangrove Area 6,8.280104,79.847577
Gangewadiya,Southern Mangrove Area 7,8.278598,79.852301
Iranawila,Northern Mangrove Area 1,7.514399,79.804354
Iranawila,Northern Mangrove Area 2,7.512332,79.804333
Iranawila,Northern Mangrove Area 3,7.502776,79.817222
Iranawila,Northern Mangrove Area 4,7.501945,79.813667
Iranawila,Northern Mangrove Area 5,7.501602,79.815857
Iranawila,Central Mangrove Area 1,7.501159,79.818873
Iranawila,Central Mangrove Area 2,7.500835,79.818111
Iranawila,Central Mangrove Area 3,7.500333,79.819222
Iranawila,Central Mangrove Area 4,7.499979,79.816733
Iranawila,Southern Mangrove Area 1,7.497369,79.814593
Iranawila,Southern Mangrove Area 2,7.497,79.81411
Iranawila,Southern Mangrove Area 3,7.493295,79.801962
Iranawila,Southern Mangrove Area 4,7.493,79.803889
Iranawila,Southern Mangrove Area 5,7.492417,79.801806
Kakkapalliya,Northern Mangrove Area,7.526111,79.819554
Kakkapalliya,Southern Mangrove Area,7.525346,79.821178
Kalpitiya,Northern Mangrove Area 1,8.26441,79.783306
Kalpitiya,Northern Mangrove Area 2,8.261111,79.745639
Kalpitiya,Northern Mangrove Area 3,8.258288,79.771177
Kalpitiya,Northern Mangrove Area 4,8.257332,79.771334
Kalpitiya,Northern Mangrove Area 5,8.257118,79.75765
Kalpitiya,Northern Mangrove Area 6,8.256889,79.750555
Kalpitiya,Northern Mangrove Area 7,8.256092,79.750092
Kalpitiya,Northern Mangrove Area 8,8.255306,79.749944
Kalpitiya,Northern Mangrove Area 9,8.255191,79.772396
Kalpitiya,Northern Mangrove Area 10,8.254645,79.774503
Kalpitiya,Northern Mangrove Area 11,8.254577,79.75134
Kalpitiya,Northern Mangrove Area 12,8.254556,79.753444
Kalpitiya,Northern Mangrove Area 13,8.254358,79.752728
Kalpitiya,Northern Mangrove Area 14,8.254233,79.773279
Kalpitiya,Northern Mangrove Area 15,8.254001,79.751112
Kalpitiya,Northern Mangrove Area 16,8.253245,79.746491
Kalpitiya,Northern Mangrove Area 17,8.252036,79.749017
Kalpitiya,Central Mangrove Area 1,8.250842,79.751667
Kalpitiya,Central Mangrove Area 2,8.250762,79.752909
Kalpitiya,Central Mangrove Area 3,8.24994,79.770795
Kalpitiya,Central Mangrove Area 4,8.249037,79.772142
Kalpitiya,Central Mangrove Area 5,8.245667,79.768709
Kalpitiya,Central Mangrove Area 6,8.243888,79.753
Kalpitiya,Central Mangrove Area 7,8.243266,79.753756
Kalpitiya,Central Mangrove Area 8,8.243128,79.752873
Kalpitiya,Central Mangrove Area 9,8.24248,79.753592
Kalpitiya,Central Mangrove Area 10,8.242186,79.753294
Kalpitiya,Central Mangrove Area 11,8.242172,79.752556
Kalpitiya,Central Mangrove Area 12,8.241349,79.751614
Kalpitiya,Central Mangrove Area 13,8.234893,79.779475
Kalpitiya,Central Mangrove Area 14,8.225703,79.753741
Kalpitiya,Central Mangrove Area 15,8.224776,79.755
Kalpitiya,Central Mangrove Area 16,8.224531,79.754103
Kalpitiya,Southern Mangrove Area 1,8.223983,79.753
Kalpitiya,Southern Mangrove Area 2,8.223833,79.755444
Kalpitiya,Southern Mangrove Area 3,8.223001,79.755446
Kalpitiya,Southern Mangrove Area 4,8.222535,79.753039
Kalpitiya,Southern Mangrove Area 5,8.221445,79.741444
Kalpitiya,Southern Mangrove Area 6,8.221408,79.740927
Kalpitiya,Southern Mangrove Area 7,8.221296,79.752925
Kalpitiya,Southern Mangrove Area 8,8.221036,79.751667
Kalpitiya,Southern Mangrove Area 9,8.220556,79.751667
Kalpitiya,Southern Mangrove Area 10,8.21975,79.746944
Kalpitiya,Southern Mangrove Area 11,8.219173,79.744931
Kalpitiya,Southern Mangrove Area 12,8.217783,79.76921
Kalpitiya,Southern Mangrove Area 13,8.217459,79.769001
Kalpitiya,Southern Mangrove Area 14,8.217354,79.76519
Kalpitiya,Southern Mangrove Area 15,8.217084,79.78368
Kalpitiya,Southern Mangrove Area 16,8.2119,79.768052
Kalpitiya,Southern Mangrove Area 17,8.208333,79.769311
Kandakuli,Northern Mangrove Area 1,8.218889,79.73737
Kandakuli,Northern Mangrove Area 2,8.218556,79.738778
Kandakuli,Northern Mangrove Area 3,8.218255,79.739302
Kandakuli,Central Mangrove Area 1,8.217592,79.74291
Kandakuli,Central Mangrove Area 2,8.217445,79.740666
Kandakuli,Southern Mangrove Area 1,8.215666,79.744111
Kandakuli,Southern Mangrove Area 2,8.213615,79.744407
Kandakuli,Southern Mangrove Area 3,8.199354,79.738928
Karaitivu,Northern Mangrove Area 1,8.233622,79.798687
Karaitivu,Northern Mangrove Area 2,8.232999,79.803444
Karaitivu,Northern Mangrove Area 3,8.232334,79.80411
Karaitivu,Northern Mangrove Area 4,8.232329,79.794953
Karaitivu,Northern Mangrove Area 5,8.231777,79.803778
Karaitivu,Northern Mangrove Area 6,8.231001,79.791667
Karaitivu,Northern Mangrove Area 7,8.227307,79.807277
Karaitivu,Northern Mangrove Area 8,8.224877,79.810309
Karaitivu,Northern Mangrove Area 9,8.22451,79.795794
Karaitivu,Northern Mangrove Area 10,8.224158,79.811044
Karaitivu,Northern Mangrove Area 11,8.221858,79.803063
Karaitivu,Central Mangrove Area 1,8.221712,79.807686
Karaitivu,Central Mangrove Area 2,8.221668,79.801223
Karaitivu,Central Mangrove Area 3,8.221385,79.802029
Karaitivu,Central Mangrove Area 4,8.220186,79.810184
Karaitivu,Central Mangrove Area 5,8.219666,79.808112
Karaitivu,Central Mangrove Area 6,8.219666,79.811002
Karaitivu,Central Mangrove Area 7,8.219443,79.808335
Karaitivu,Central Mangrove Area 8,8.219056,79.812167
Karaitivu,Central Mangrove Area 9,8.21883,79.809712
Karaitivu,Central Mangrove Area 10,8.218659,79.808436
Karaitivu,Central Mangrove Area 11,8.218333,79.813534
Karaitivu,Southern Mangrove Area 1,8.217889,79.811334
Karaitivu,Southern Mangrove Area 2,8.217668,79.813445
Karaitivu,Southern Mangrove Area 3,8.217445,79.811666
Karaitivu,Southern Mangrove Area 4,8.217297,79.810927
Karaitivu,Southern Mangrove Area 5,8.217223,79.813222
Karaitivu,Southern Mangrove Area 6,8.217121,79.812713
Karaitivu,Southern Mangrove Area 7,8.215334,79.813063
Karaitivu,Southern Mangrove Area 8,8.214925,79.815092
Karaitivu,Southern Mangrove Area 9,8.213555,79.816
Karaitivu,Southern Mangrove Area 10,8.213388,79.815055
Karaitivu,Southern Mangrove Area 11,8.213,79.816112
Karamuna,Northern Mangrove Area,8.316986,79.765376
Karamuna,Central Mangrove Area,8.316723,79.765054
Karamuna,Southern Mangrove Area 1,8.315544,79.763912
Karamuna,Southern Mangrove Area 2,8.300113,79.759223
Kirimundal,Northern Mangrove Area 1,8.298333,79.757943
Kirimundal,Northern Mangrove Area 2,8.297371,79.757296
Kirimundal,Central Mangrove Area 1,8.296941,79.756215
Kirimundal,Central Mangrove Area 2,8.295946,79.7565
Kirimundal,Southern Mangrove Area 1,8.293551,79.7562
Kirimundal,Southern Mangrove Area 2,8.288185,79.751741
Koswadiya,Northern Mangrove Area 1,7.450076,79.812785
Koswadiya,Northern Mangrove Area 2,7.435,79.818
Koswadiya,Central Mangrove Area 1,7.431781,79.81285
Koswadiya,Central Mangrove Area 2,7.430818,79.814394
Koswadiya,Southern Mangrove Area 1,7.429665,79.816556
Koswadiya,Southern Mangrove Area 2,7.428772,79.814733
Koswadiya,Southern Mangrove Area 3,7.423666,79.815777
Kudamaduwella,Northern Mangrove Area,7.467445,79.810964
Kudamaduwella,Central Mangrove Area,7.467311,79.812067
Kudamaduwella,Southern Mangrove Area,7.463805,79.808639
Mahawewa,Northern Mangrove Area 1,7.477201,79.817746
Mahawewa,Northern Mangrove Area 2,7.476148,79.817814
Mahawewa,Central Mangrove Area 1,7.476111,79.818778
Mahawewa,Central Mangrove Area 2,7.47358,79.817026
Mahawewa,Southern Mangrove Area 1,7.453334,79.815002
Mahawewa,Southern Mangrove Area 2,7.452999,79.815222
Mangalaeliya,Northern Mangrove Area 1,7.854714,79.809541
Mangalaeliya,Northern Mangrove Area 2,7.853668,79.809668
Mangalaeliya,Central Mangrove Area,7.853222,79.809446
Mangalaeliya,Southern Mangrove Area 1,7.85311,79.809889
Mangalaeliya,Southern Mangrove Area 2,7.852446,79.809668
Merawala,Northern Mangrove Area 1,7.566223,79.791444
Merawala,Northern Mangrove Area 2,7.565224,79.790688
Merawala,Northern Mangrove Area 3,7.565222,79.794445
Merawala,Northern Mangrove Area 4,7.564611,79.792759
Merawala,Northern Mangrove Area 5,7.563628,79.795108
Merawala,Northern Mangrove Area 6,7.561333,79.797
Merawala,Northern Mangrove Area 7,7.561088,79.798733
Merawala,Northern Mangrove Area 8,7.560332,79.798728
Merawala,Northern Mangrove Area 9,7.560223,79.800113
Merawala,Northern Mangrove Area 10,7.559634,79.792813
Merawala,Northern Mangrove Area 11,7.558969,79.793905
Merawala,Northern Mangrove Area 12,7.558511,79.793134
Merawala,Central Mangrove Area 1,7.558296,79.798296
Merawala,Central Mangrove Area 2,7.557921,79.801317
Merawala,Central Mangrove Area 3,7.55782,79.800015
Merawala,Central Mangrove Area 4,7.557613,79.79441
Merawala,Central Mangrove Area 5,7.557506,79.798012
Merawala,Central Mangrove Area 6,7.556999,79.799444
Merawala,Central Mangrove Area 7,7.556776,79.799112
Merawala,Central Mangrove Area 8,7.556491,79.795801
Merawala,Central Mangrove Area 9,7.556481,79.794184
Merawala,Central Mangrove Area 10,7.556335,79.801887
Merawala,Central Mangrove Area 11,7.556289,79.799488
Merawala,Southern Mangrove Area 1,7.555815,79.800408
Merawala,Southern Mangrove Area 2,7.555538,79.797953
Merawala,Southern Mangrove Area 3,7.555001,79.797667
Merawala,Southern Mangrove Area 4,7.551443,79.798333
Merawala,Southern Mangrove Area 5,7.551297,79.803816
Merawala,Southern Mangrove Area 6,7.549217,79.805615
Merawala,Southern Mangrove Area 7,7.548743,79.804152
Merawala,Southern Mangrove Area 8,7.547789,79.798363
Merawala,Southern Mangrove Area 9,7.547056,79.800273
Merawala,Southern Mangrove Area 10,7.546667,79.804888
Merawala,Southern Mangrove Area 11,7.545223,79.797888
Merawala,Southern Mangrove Area 12,7.542779,79.798779
Mukkalai,Central Mangrove Area,8.486139,79.782696
Mutwal,Northern Mangrove Area 1,8.286285,79.752008
Mutwal,Northern Mangrove Area 2,8.284366,79.755006
Mutwal,Northern Mangrove Area 3,8.282753,79.752357
Mutwal,Northern Mangrove Area 4,8.281594,79.75189
Mutwal,Northern Mangrove Area 5,8.28124,79.748963
Mutwal,Northern Mangrove Area 6,8.281224,79.750777
Mutwal,Northern Mangrove Area 7,8.28089,79.750554
Mutwal,Northern Mangrove Area 8,8.280811,79.753394
Mutwal,Northern Mangrove Area 9,8.27935,79.751762
Mutwal,Northern Mangrove Area 10,8.279159,79.750573
Mutwal,Northern Mangrove Area 11,8.278376,79.749134
Mutwal,Northern Mangrove Area 12,8.278112,79.755887
Mutwal,Northern Mangrove Area 13,8.278111,79.75161
Mutwal,Central Mangrove Area 1,8.278101,79.753636
Mutwal,Central Mangrove Area 2,8.277889,79.756445
Mutwal,Central Mangrove Area 3,8.27737,79.751038
Mutwal,Central Mangrove Area 4,8.276911,79.748712
Mutwal,Central Mangrove Area 5,8.27688,79.754839
Mutwal,Central Mangrove Area 6,8.276332,79.751446
Mutwal,Central Mangrove Area 7,8.276148,79.753963
Mutwal,Central Mangrove Area 8,8.275777,79.753111
Mutwal,Central Mangrove Area 9,8.275222,79.749481
Mutwal,Central Mangrove Area 10,8.27466,79.751758
Mutwal,Central Mangrove Area 11,8.273642,79.747497
Mutwal,Central Mangrove Area 12,8.272485,79.750677
Mutwal,Southern Mangrove Area 1,8.272221,79.750113
Mutwal,Southern Mangrove Area 2,8.271889,79.749
Mutwal,Southern Mangrove Area 3,8.271278,79.748011
Mutwal,Southern Mangrove Area 4,8.270999,79.749
Mutwal,Southern Mangrove Area 5,8.270776,79.749221
Mutwal,Southern Mangrove Area 6,8.270741,79.751759
Mutwal,Southern Mangrove Area 7,8.270335,79.749778
Mutwal,Southern Mangrove Area 8,8.270112,79.749112
Mutwal,Southern Mangrove Area 9,8.269327,79.748927
Mutwal,Southern Mangrove Area 10,8.266673,79.745906
Mutwal,Southern Mangrove Area 11,8.26639,79.747889
Mutwal,Southern Mangrove Area 12,8.26494,79.743578
Mutwal,Southern Mangrove Area 13,8.264407,79.747692
Nawadankulama,Northern Mangrove Area,7.845445,79.807778
Nawadankulama,Southern Mangrove Area,7.843557,79.81477
Old Madampe Town,Northern Mangrove Area 1,7.498452,79.824899
Old Madampe Town,Northern Mangrove Area 2,7.497964,79.825593
Old Madampe Town,Northern Mangrove Area 3,7.497443,79.823666
Old Madampe Town,Northern Mangrove Area 4,7.496333,79.825445
Old Madampe Town,Northern Mangrove Area 5,7.496225,79.817223
Old Madampe Town,Northern Mangrove Area 6,7.49611,79.824999
Old Madampe Town,Northern Mangrove Area 7,7.495887,79.817889
Old Madampe Town,Northern Mangrove Area 8,7.495666,79.823666
Old Madampe Town,Central Mangrove Area 1,7.4954,79.822956
Old Madampe Town,Central Mangrove Area 2,7.494556,79.822444
Old Madampe Town,Central Mangrove Area 3,7.494445,79.82426
Old Madampe Town,Central Mangrove Area 4,7.494167,79.823
Old Madampe Town,Central Mangrove Area 5,7.493488,79.824156
Old Madampe Town,Central Mangrove Area 6,7.492888,79.823888
Old Madampe Town,Central Mangrove Area 7,7.491847,79.819376
Old Madampe Town,Central Mangrove Area 8,7.482629,79.820186
Old Madampe Town,Southern Mangrove Area 1,7.482334,79.817889
Old Madampe Town,Southern Mangrove Area 2,7.482113,79.817222
Old Madampe Town,Southern Mangrove Area 3,7.481444,79.817222
Old Madampe Town,Southern Mangrove Area 4,7.480715,79.817935
Old Madampe Town,Southern Mangrove Area 5,7.479665,79.818
Old Madampe Town,Southern Mangrove Area 6,7.479,79.818555
Old Madampe Town,Southern Mangrove Area 7,7.478309,79.817765
Old Madampe Town,Southern Mangrove Area 8,7.478222,79.818445
Pambala,Northern Mangrove Area 1,7.524471,79.822943
Pambala,Northern Mangrove Area 2,7.523612,79.823944
Pambala,Northern Mangrove Area 3,7.521222,79.824941
Pambala,Northern Mangrove Area 4,7.519508,79.825794
Pambala,Northern Mangrove Area 5,7.518889,79.826223
Pambala,Northern Mangrove Area 6,7.511036,79.818816
Pambala,Northern Mangrove Area 7,7.510014,79.820016
Pambala,Northern Mangrove Area 8,7.509321,79.81565
Pambala,Central Mangrove Area 1,7.509222,79.819889
Pambala,Central Mangrove Area 2,7.507668,79.817889
Pambala,Central Mangrove Area 3,7.507555,79.818945
Pambala,Central Mangrove Area 4,7.507226,79.820432
Pambala,Central Mangrove Area 5,7.506999,79.818778
Pambala,Central Mangrove Area 6,7.506999,79.821222
Pambala,Central Mangrove Area 7,7.506999,79.826555
Pambala,Southern Mangrove Area 1,7.506888,79.818332
Pambala,Southern Mangrove Area 2,7.506776,79.820999
Pambala,Southern Mangrove Area 3,7.506667,79.826779
Pambala,Southern Mangrove Area 4,7.506444,79.818555
Pambala,Southern Mangrove Area 5,7.505889,79.817889
Pambala,Southern Mangrove Area 6,7.504333,79.820112
Pambala,Southern Mangrove Area 7,7.503741,79.827333
Pambala,Southern Mangrove Area 8,7.503063,79.81801
Pulyankuda,Northern Mangrove Area 1,8.278197,79.762131
Pulyankuda,Northern Mangrove Area 2,8.277906,79.763287
Pulyankuda,Northern Mangrove Area 3,8.277666,79.756888
Pulyankuda,Northern Mangrove Area 4,8.276599,79.765182
Pulyankuda,Northern Mangrove Area 5,8.275639,79.757004
Pulyankuda,Northern Mangrove Area 6,8.274589,79.754525
Pulyankuda,Northern Mangrove Area 7,8.274444,79.773496
Pulyankuda,Northern Mangrove Area 8,8.271981,79.754509
Pulyankuda,Northern Mangrove Area 9,8.27152,79.753037
Pulyankuda,Northern Mangrove Area 10,8.270207,79.753858
Pulyankuda,Northern Mangrove Area 11,8.268753,79.761112
Pulyankuda,Northern Mangrove Area 12,8.268699,79.753447
Pulyankuda,Central Mangrove Area 1,8.268356,79.779795
Pulyankuda,Central Mangrove Area 2,8.268333,79.779333
Pulyankuda,Central Mangrove Area 3,8.267668,79.752222
Pulyankuda,Central Mangrove Area 4,8.266377,79.750731
Pulyankuda,Central Mangrove Area 5,8.265985,79.749476
Pulyankuda,Central Mangrove Area 6,8.265666,79.750222
Pulyankuda,Central Mangrove Area 7,8.265002,79.759223
Pulyankuda,Central Mangrove Area 8,8.264739,79.750204
Pulyankuda,Central Mangrove Area 9,8.264286,79.75895
Pulyankuda,Central Mangrove Area 10,8.26411,79.749221
Pulyankuda,Central Mangrove Area 11,8.262834,79.759267
Pulyankuda,Central Mangrove Area 12,8.262332,79.753287
Pulyankuda,Southern Mangrove Area 1,8.261885,79.759975
Pulyankuda,Southern Mangrove Area 2,8.261694,79.751357
Pulyankuda,Southern Mangrove Area 3,8.261673,79.772062
Pulyankuda,Southern Mangrove Area 4,8.261555,79.74989
Pulyankuda,Southern Mangrove Area 5,8.261166,79.759612
Pulyankuda,Southern Mangrove Area 6,8.260779,79.759
Pulyankuda,Southern Mangrove Area 7,8.260779,79.774999
Pulyankuda,Southern Mangrove Area 8,8.260566,79.776649
Pulyankuda,Southern Mangrove Area 9,8.260528,79.759702
Pulyankuda,Southern Mangrove Area 10,8.260209,79.758702
Pulyankuda,Southern Mangrove Area 11,8.259906,79.772248
Pulyankuda,Southern Mangrove Area 12,8.259887,79.77511
Pulyankuda,Southern Mangrove Area 13,8.259762,79.775921
Puttalam,Northern Mangrove Area 1,8.180407,79.823591
Puttalam,Northern Mangrove Area 2,8.178999,79.823377
Puttalam,Northern Mangrove Area 3,8.178117,79.821408
Puttalam,Northern Mangrove Area 4,8.174864,79.824059
Puttalam,Northern Mangrove Area 5,8.173559,79.825002
Puttalam,Northern Mangrove Area 6,8.17285,79.807586
Puttalam,Northern Mangrove Area 7,8.171964,79.807517
Puttalam,Northern Mangrove Area 8,8.171383,79.821449
Puttalam,Northern Mangrove Area 9,8.169083,79.825387
Puttalam,Northern Mangrove Area 10,8.168232,79.824009
Puttalam,Northern Mangrove Area 11,8.166042,79.809987
Puttalam,Northern Mangrove Area 12,8.165666,79.746113
Puttalam,Northern Mangrove Area 13,8.165576,79.822187
Puttalam,Northern Mangrove Area 14,8.165332,79.823554
Puttalam,Northern Mangrove Area 15,8.163887,79.810333
Puttalam,Northern Mangrove Area 16,8.163649,79.742436
Puttalam,Northern Mangrove Area 17,8.163555,79.821445
Puttalam,Northern Mangrove Area 18,8.162777,79.738555
Puttalam,Northern Mangrove Area 19,8.162259,79.738481
Puttalam,Northern Mangrove Area 20,8.161889,79.738778
Puttalam,Northern Mangrove Area 21,8.161667,79.739888
Puttalam,Northern Mangrove Area 22,8.161113,79.73931
Puttalam,Northern Mangrove Area 23,8.159037,79.73763
Puttalam,Northern Mangrove Area 24,8.156333,79.739444
Puttalam,Northern Mangrove Area 25,8.156222,79.831444
Puttalam,Northern Mangrove Area 26,8.15603,79.737736
Puttalam,Northern Mangrove Area 27,8.154334,79.738889
Puttalam,Northern Mangrove Area 28,8.15389,79.73789
Puttalam,Northern Mangrove Area 29,8.153444,79.739221
Puttalam,Northern Mangrove Area 30,8.15337,79.738406
Puttalam,Northern Mangrove Area 31,8.152705,79.739739
Puttalam,Northern Mangrove Area 32,8.151446,79.733668
Puttalam,Northern Mangrove Area 33,8.151102,79.737543
Puttalam,Northern Mangrove Area 34,8.151,79.738555
Puttalam,Northern Mangrove Area 35,8.150983,79.73929
Puttalam,Northern Mangrove Area 36,8.150629,79.734406
Puttalam,Northern Mangrove Area 37,8.150554,79.736998
Puttalam,Northern Mangrove Area 38,8.150501,79.736481
Puttalam,Northern Mangrove Area 39,8.150111,79.735888
Puttalam,Northern Mangrove Area 40,8.149673,79.739834
Puttalam,Northern Mangrove Area 41,8.149156,79.733257
Puttalam,Northern Mangrove Area 42,8.148911,79.738276
Puttalam,Northern Mangrove Area 43,8.147731,79.736039
Puttalam,Northern Mangrove Area 44,8.147413,79.733953
Puttalam,Northern Mangrove Area 45,8.145444,79.736111
Puttalam,Northern Mangrove Area 46,8.145204,79.833107
Puttalam,Northern Mangrove Area 47,8.142055,79.834651
Puttalam,Northern Mangrove Area 48,8.129275,79.707039
Puttalam,Northern Mangrove Area 49,8.128147,79.70713
Puttalam,Northern Mangrove Area 50,8.122825,79.828779
Puttalam,Northern Mangrove Area 51,8.122333,79.828223
Puttalam,Northern Mangrove Area 52,8.122193,79.821364
Puttalam,Northern Mangrove Area 53,8.121762,79.830842
Puttalam,Northern Mangrove Area 54,8.121519,79.82737
Puttalam,Northern Mangrove Area 55,8.121223,79.830332
Puttalam,Northern Mangrove Area 56,8.121223,79.837221
Puttalam,Northern Mangrove Area 57,8.12118,79.838492
Puttalam,Northern Mangrove Area 58,8.121074,79.835149
Puttalam,Northern Mangrove Area 59,8.121044,79.82909
Puttalam,Northern Mangrove Area 60,8.120689,79.837265
Puttalam,Northern Mangrove Area 61,8.120556,79.829222
Puttalam,Northern Mangrove Area 62,8.120168,79.830056
Puttalam,Northern Mangrove Area 63,8.119889,79.830555
Puttalam,Northern Mangrove Area 64,8.119733,79.841134
Puttalam,Northern Mangrove Area 65,8.118389,79.829723
Puttalam,Northern Mangrove Area 66,8.117748,79.831291
Puttalam,Northern Mangrove Area 67,8.117592,79.830148
Puttalam,Northern Mangrove Area 68,8.117297,79.833742
Puttalam,Northern Mangrove Area 69,8.116945,79.830279
Puttalam,Northern Mangrove Area 70,8.116333,79.828223
Puttalam,Northern Mangrove Area 71,8.116333,79.829944
Puttalam,Northern Mangrove Area 72,8.115778,79.828666
Puttalam,Northern Mangrove Area 73,8.115555,79.838777
Puttalam,Northern Mangrove Area 74,8.115444,79.831888
Puttalam,Northern Mangrove Area 75,8.115423,79.830919
Puttalam,Northern Mangrove Area 76,8.115221,79.832557
Puttalam,Northern Mangrove Area 77,8.114779,79.828
Puttalam,Northern Mangrove Area 78,8.114779,79.831224
Puttalam,Northern Mangrove Area 79,8.114698,79.836758
Puttalam,Northern Mangrove Area 80,8.114556,79.839
Puttalam,Northern Mangrove Area 81,8.114519,79.82963
Puttalam,Northern Mangrove Area 82,8.113852,79.83037
Puttalam,Northern Mangrove Area 83,8.113334,79.838111
Puttalam,Northern Mangrove Area 84,8.113312,79.830956
Puttalam,Northern Mangrove Area 85,8.113297,79.832852
Puttalam,Northern Mangrove Area 86,8.113223,79.823666
Puttalam,Northern Mangrove Area 87,8.113,79.831444
Puttalam,Northern Mangrove Area 88,8.112396,79.831667
Puttalam,Northern Mangrove Area 89,8.112333,79.824688
Puttalam,Northern Mangrove Area 90,8.111844,79.828163
Puttalam,Northern Mangrove Area 91,8.111794,79.837508
Puttalam,Northern Mangrove Area 92,8.111036,79.835945
Puttalam,Northern Mangrove Area 93,8.111,79.831888
Puttalam,Northern Mangrove Area 94,8.110055,79.835082
Puttalam,Northern Mangrove Area 95,8.108554,79.834555
Puttalam,Central Mangrove Area 1,8.107404,79.734575
Puttalam,Central Mangrove Area 2,8.10707,79.823752
Puttalam,Central Mangrove Area 3,8.106445,79.826557
Puttalam,Central Mangrove Area 4,8.106245,79.8234
Puttalam,Central Mangrove Area 5,8.105667,79.827556
Puttalam,Central Mangrove Area 6,8.105592,79.82826
Puttalam,Central Mangrove Area 7,8.105171,79.821148
Puttalam,Central Mangrove Area 8,8.10461,79.832167
Puttalam,Central Mangrove Area 9,8.104068,79.824422
Puttalam,Central Mangrove Area 10,8.104031,79.8233
Puttalam,Central Mangrove Area 11,8.103049,79.830704
Puttalam,Central Mangrove Area 12,8.102631,79.734282
Puttalam,Central Mangrove Area 13,8.102388,79.835118
Puttalam,Central Mangrove Area 14,8.102238,79.836396
Puttalam,Central Mangrove Area 15,8.101665,79.824
Puttalam,Central Mangrove Area 16,8.101333,79.835224
Puttalam,Central Mangrove Area 17,8.101035,79.836735
Puttalam,Central Mangrove Area 18,8.100778,79.837444
Puttalam,Central Mangrove Area 19,8.100111,79.832334
Puttalam,Central Mangrove Area 20,8.099,79.817793
Puttalam,Central Mangrove Area 21,8.098867,79.83358
Puttalam,Central Mangrove Area 22,8.098816,79.835978
Puttalam,Central Mangrove Area 23,8.098166,79.833907
Puttalam,Central Mangrove Area 24,8.097444,79.834889
Puttalam,Central Mangrove Area 25,8.096778,79.824468
Puttalam,Central Mangrove Area 26,8.096111,79.814718
Puttalam,Central Mangrove Area 27,8.096111,79.825445
Puttalam,Central Mangrove Area 28,8.095805,79.813034
Puttalam,Central Mangrove Area 29,8.095593,79.825073
Puttalam,Central Mangrove Area 30,8.095521,79.823602
Puttalam,Central Mangrove Area 31,8.095146,79.832798
Puttalam,Central Mangrove Area 32,8.094778,79.827445
Puttalam,Central Mangrove Area 33,8.094517,79.82585
Puttalam,Central Mangrove Area 34,8.09426,79.820186
Puttalam,Central Mangrove Area 35,8.094223,79.820999
Puttalam,Central Mangrove Area 36,8.09416,79.827717
Puttalam,Central Mangrove Area 37,8.093888,79.826
Puttalam,Central Mangrove Area 38,8.093888,79.831001
Puttalam,Central Mangrove Area 39,8.093811,79.830363
Puttalam,Central Mangrove Area 40,8.093665,79.826555
Puttalam,Central Mangrove Area 41,8.09337,79.825742
Puttalam,Central Mangrove Area 42,8.093333,79.819778
Puttalam,Central Mangrove Area 43,8.093224,79.826332
Puttalam,Central Mangrove Area 44,8.093153,79.823858
Puttalam,Central Mangrove Area 45,8.092852,79.825296
Puttalam,Central Mangrove Area 46,8.092778,79.826111
Puttalam,Central Mangrove Area 47,8.092666,79.819629
Puttalam,Central Mangrove Area 48,8.092332,79.820999
Puttalam,Central Mangrove Area 49,8.088555,79.810001
Puttalam,Central Mangrove Area 50,8.088555,79.811334
Puttalam,Central Mangrove Area 51,8.087991,79.808077
Puttalam,Central Mangrove Area 52,8.087445,79.812335
Puttalam,Central Mangrove Area 53,8.086699,79.817557
Puttalam,Central Mangrove Area 54,8.086595,79.791431
Puttalam,Central Mangrove Area 55,8.086167,79.807834
Puttalam,Central Mangrove Area 56,8.085921,79.807352
Puttalam,Central Mangrove Area 57,8.085666,79.804554
Puttalam,Central Mangrove Area 58,8.085443,79.805666
Puttalam,Central Mangrove Area 59,8.085088,79.826511
Puttalam,Central Mangrove Area 60,8.084888,79.806022
Puttalam,Central Mangrove Area 61,8.084407,79.820925
Puttalam,Central Mangrove Area 62,8.084332,79.814779
Puttalam,Central Mangrove Area 63,8.084302,79.793062
Puttalam,Central Mangrove Area 64,8.084063,79.803416
Puttalam,Central Mangrove Area 65,8.083889,79.815111
Puttalam,Central Mangrove Area 66,8.083307,79.801243
Puttalam,Central Mangrove Area 67,8.083147,79.805741
Puttalam,Central Mangrove Area 68,8.082555,79.815777
Puttalam,Central Mangrove Area 69,8.082466,79.813629
Puttalam,Central Mangrove Area 70,8.082335,79.805223
Puttalam,Central Mangrove Area 71,8.082112,79.800556
Puttalam,Central Mangrove Area 72,8.081889,79.815666
Puttalam,Central Mangrove Area 73,8.081764,79.802752
Puttalam,Central Mangrove Area 74,8.081666,79.816556
Puttalam,Central Mangrove Area 75,8.081592,79.801372
Puttalam,Central Mangrove Area 76,8.081443,79.824111
Puttalam,Central Mangrove Area 77,8.080921,79.805649
Puttalam,Central Mangrove Area 78,8.080907,79.79855
Puttalam,Central Mangrove Area 79,8.08089,79.802777
Puttalam,Central Mangrove Area 80,8.080422,79.82651
Puttalam,Central Mangrove Area 81,8.079666,79.820999
Puttalam,Central Mangrove Area 82,8.079538,79.816458
Puttalam,Central Mangrove Area 83,8.079445,79.805446
Puttalam,Central Mangrove Area 84,8.078816,79.82616
Puttalam,Central Mangrove Area 85,8.078734,79.805357
Puttalam,Central Mangrove Area 86,8.078556,79.808556
Puttalam,Central Mangrove Area 87,8.078112,79.822332
Puttalam,Central Mangrove Area 88,8.077963,79.807964
Puttalam,Central Mangrove Area 89,8.077815,79.809223
Puttalam,Central Mangrove Area 90,8.077592,79.820037
Puttalam,Central Mangrove Area 91,8.077445,79.822165
Puttalam,Central Mangrove Area 92,8.077222,79.811002
Puttalam,Central Mangrove Area 93,8.077056,79.817222
Puttalam,Central Mangrove Area 94,8.076556,79.816667
Puttalam,Central Mangrove Area 95,8.076556,79.820776
Puttalam,Southern Mangrove Area 1,8.076428,79.824271
Puttalam,Southern Mangrove Area 2,8.076333,79.817668
Puttalam,Southern Mangrove Area 3,8.075889,79.822555
Puttalam,Southern Mangrove Area 4,8.075823,79.805748
Puttalam,Southern Mangrove Area 5,8.075513,79.808949
Puttalam,Southern Mangrove Area 6,8.07551,79.807845
Puttalam,Southern Mangrove Area 7,8.075484,79.810617
Puttalam,Southern Mangrove Area 8,8.075456,79.817881
Puttalam,Southern Mangrove Area 9,8.075445,79.819222
Puttalam,Southern Mangrove Area 10,8.075267,79.815978
Puttalam,Southern Mangrove Area 11,8.074667,79.816112
Puttalam,Southern Mangrove Area 12,8.07443,79.823952
Puttalam,Southern Mangrove Area 13,8.074335,79.801887
Puttalam,Southern Mangrove Area 14,8.074112,79.809223
Puttalam,Southern Mangrove Area 15,8.073666,79.812084
Puttalam,Southern Mangrove Area 16,8.073577,79.809845
Puttalam,Southern Mangrove Area 17,8.073555,79.821445
Puttalam,Southern Mangrove Area 18,8.073223,79.802333
Puttalam,Southern Mangrove Area 19,8.073133,79.806511
Puttalam,Southern Mangrove Area 20,8.072779,79.805446
Puttalam,Southern Mangrove Area 21,8.072779,79.820999
Puttalam,Southern Mangrove Area 22,8.072701,79.816108
Puttalam,Southern Mangrove Area 23,8.072556,79.817445
Puttalam,Southern Mangrove Area 24,8.072444,79.813889
Puttalam,Southern Mangrove Area 25,8.072444,79.817889
Puttalam,Southern Mangrove Area 26,8.072184,79.818853
Puttalam,Southern Mangrove Area 27,8.072159,79.804232
Puttalam,Southern Mangrove Area 28,8.071669,79.820335
Puttalam,Southern Mangrove Area 29,8.071513,79.812355
Puttalam,Southern Mangrove Area 30,8.07146,79.818615
Puttalam,Southern Mangrove Area 31,8.071388,79.806489
Puttalam,Southern Mangrove Area 32,8.071223,79.802668
Puttalam,Southern Mangrove Area 33,8.07106,79.82177
Puttalam,Southern Mangrove Area 34,8.071044,79.816246
Puttalam,Southern Mangrove Area 35,8.070777,79.810683
Puttalam,Southern Mangrove Area 36,8.070369,79.817718
Puttalam,Southern Mangrove Area 37,8.070362,79.80073
Puttalam,Southern Mangrove Area 38,8.07011,79.779445
Puttalam,Southern Mangrove Area 39,8.070077,79.815446
Puttalam,Southern Mangrove Area 40,8.070023,79.810823
Puttalam,Southern Mangrove Area 41,8.070021,79.794334
Puttalam,Southern Mangrove Area 42,8.069889,79.800222
Puttalam,Southern Mangrove Area 43,8.069763,79.819771
Puttalam,Southern Mangrove Area 44,8.069295,79.810184
Puttalam,Southern Mangrove Area 45,8.06926,79.813604
Puttalam,Southern Mangrove Area 46,8.069112,79.794145
Puttalam,Southern Mangrove Area 47,8.068925,79.796628
Puttalam,Southern Mangrove Area 48,8.068852,79.809074
Puttalam,Southern Mangrove Area 49,8.068779,79.821445
Puttalam,Southern Mangrove Area 50,8.068778,79.818593
Puttalam,Southern Mangrove Area 51,8.068705,79.795075
Puttalam,Southern Mangrove Area 52,8.068556,79.811222
Puttalam,Southern Mangrove Area 53,8.068429,79.796589
Puttalam,Southern Mangrove Area 54,8.068333,79.803
Puttalam,Southern Mangrove Area 55,8.068333,79.819001
Puttalam,Southern Mangrove Area 56,8.068296,79.820444
Puttalam,Southern Mangrove Area 57,8.068054,79.794055
Puttalam,Southern Mangrove Area 58,8.06789,79.816978
Puttalam,Southern Mangrove Area 59,8.067723,79.821832
Puttalam,Southern Mangrove Area 60,8.067667,79.795
Puttalam,Southern Mangrove Area 61,8.067223,79.797
Puttalam,Southern Mangrove Area 62,8.067,79.796334
Puttalam,Southern Mangrove Area 63,8.066952,79.81848
Puttalam,Southern Mangrove Area 64,8.06691,79.797934
Puttalam,Southern Mangrove Area 65,8.06686,79.821222
Puttalam,Southern Mangrove Area 66,8.066742,79.794693
Puttalam,Southern Mangrove Area 67,8.066121,79.80042
Puttalam,Southern Mangrove Area 68,8.065972,79.803294
Puttalam,Southern Mangrove Area 69,8.065444,79.796777
Puttalam,Southern Mangrove Area 70,8.065444,79.802779
Puttalam,Southern Mangrove Area 71,8.06531,79.818955
Puttalam,Southern Mangrove Area 72,8.065274,79.820805
Puttalam,Southern Mangrove Area 73,8.06503,79.796196
Puttalam,Southern Mangrove Area 74,8.064779,79.798556
Puttalam,Southern Mangrove Area 75,8.064481,79.819074
Puttalam,Southern Mangrove Area 76,8.06411,79.798668
Puttalam,Southern Mangrove Area 77,8.063815,79.819741
Puttalam,Southern Mangrove Area 78,8.063778,79.806333
Puttalam,Southern Mangrove Area 79,8.063297,79.821073
Puttalam,Southern Mangrove Area 80,8.062926,79.823517
Puttalam,Southern Mangrove Area 81,8.061386,79.800016
Puttalam,Southern Mangrove Area 82,8.061167,79.800165
Puttalam,Southern Mangrove Area 83,8.059888,79.809666
Puttalam,Southern Mangrove Area 84,8.059666,79.811372
Puttalam,Southern Mangrove Area 85,8.059446,79.809445
Puttalam,Southern Mangrove Area 86,8.058334,79.809889
Puttalam,Southern Mangrove Area 87,8.057593,79.81174
Puttalam,Southern Mangrove Area 88,8.057059,79.810596
Puttalam,Southern Mangrove Area 89,8.056501,79.812168
Puttalam,Southern Mangrove Area 90,8.056111,79.811666
Puttalam,Southern Mangrove Area 91,8.055888,79.811443
Puttalam,Southern Mangrove Area 92,8.054406,79.806184
Puttalam,Southern Mangrove Area 93,8.054111,79.813111
Puttalam,Southern Mangrove Area 94,8.05389,79.807
Puttalam,Southern Mangrove Area 95,8.05239,79.808611
Rodhapadu,Northern Mangrove Area,8.348777,79.77709
Rodhapadu,Southern Mangrove Area,8.345152,79.776388
Thoduwawa,Northern Mangrove Area 1,7.494628,79.815148
Thoduwawa,Northern Mangrove Area 2,7.49211,79.814556
Thoduwawa,Northern Mangrove Area 3,7.491223,79.813668
Thoduwawa,Northern Mangrove Area 4,7.490554,79.810779
Thoduwawa,Northern Mangrove Area 5,7.490481,79.808852
Thoduwawa,Northern Mangrove Area 6,7.489667,79.809
Thoduwawa,Northern Mangrove Area 7,7.489444,79.805666
Thoduwawa,Northern Mangrove Area 8,7.489444,79.81089
Thoduwawa,Northern Mangrove Area 9,7.487887,79.810667
Thoduwawa,Northern Mangrove Area 10,7.486777,79.807889
Thoduwawa,Northern Mangrove Area 11,7.485704,79.807443
Thoduwawa,Northern Mangrove Area 12,7.485603,79.815661
Thoduwawa,Central Mangrove Area 1,7.484525,79.810705
Thoduwawa,Central Mangrove Area 2,7.484408,79.81574
Thoduwawa,Central Mangrove Area 3,7.484334,79.816556
Thoduwawa,Central Mangrove Area 4,7.483278,79.815514
Thoduwawa,Central Mangrove Area 5,7.482445,79.816888
Thoduwawa,Central Mangrove Area 6,7.482335,79.812428
Thoduwawa,Central Mangrove Area 7,7.482334,79.810888
Thoduwawa,Central Mangrove Area 8,7.482112,79.811666
Thoduwawa,Central Mangrove Area 9,7.481889,79.814172
Thoduwawa,Central Mangrove Area 10,7.480998,79.816112
Thoduwawa,Central Mangrove Area 11,7.480777,79.812389
Thoduwawa,Central Mangrove Area 12,7.480666,79.815889
Thoduwawa,Southern Mangrove Area 1,7.479679,79.816391
Thoduwawa,Southern Mangrove Area 2,7.479568,79.813187
Thoduwawa,Southern Mangrove Area 3,7.478332,79.812335
Thoduwawa,Southern Mangrove Area 4,7.47616,79.814811
Thoduwawa,Southern Mangrove Area 5,7.475444,79.810556
Thoduwawa,Southern Mangrove Area 6,7.475395,79.816185
Thoduwawa,Southern Mangrove Area 7,7.475001,79.814
Thoduwawa,Southern Mangrove Area 8,7.473046,79.8106
Thoduwawa,Southern Mangrove Area 9,7.472223,79.812999
Thoduwawa,Southern Mangrove Area 10,7.471944,79.810917
Thoduwawa,Southern Mangrove Area 11,7.471716,79.811936
Thoduwawa,Southern Mangrove Area 12,7.471667,79.814332
Thoduwawa,Southern Mangrove Area 13,7.470245,79.815562
Udappuwa,Northern Mangrove Area 1,7.740066,79.798456
Udappuwa,Northern Mangrove Area 2,7.736832,79.801806
Udappuwa,Northern Mangrove Area 3,7.735889,79.801446
Udappuwa,Northern Mangrove Area 4,7.735816,79.796408
Udappuwa,Northern Mangrove Area 5,7.735666,79.79589
Udappuwa,Northern Mangrove Area 6,7.735443,79.796777
Udappuwa,Northern Mangrove Area 7,7.735443,79.799332
Udappuwa,Northern Mangrove Area 8,7.735241,79.80276
Udappuwa,Northern Mangrove Area 9,7.734916,79.795955
Udappuwa,Northern Mangrove Area 10,7.734556,79.796777
Udappuwa,Northern Mangrove Area 11,7.73384,79.794111
Udappuwa,Northern Mangrove Area 12,7.733666,79.803221
Udappuwa,Northern Mangrove Area 13,7.733356,79.798733
Udappuwa,Northern Mangrove Area 14,7.733255,79.797507
Udappuwa,Northern Mangrove Area 15,7.733223,79.795332
Udappuwa,Northern Mangrove Area 16,7.732777,79.799221
Udappuwa,Northern Mangrove Area 17,7.732776,79.796557
Udappuwa,Northern Mangrove Area 18,7.732222,79.798779
Udappuwa,Northern Mangrove Area 19,7.731741,79.799295
Udappuwa,Central Mangrove Area 1,7.731555,79.797999
Udappuwa,Central Mangrove Area 2,7.731444,79.799667
Udappuwa,Central Mangrove Area 3,7.731222,79.794519
Udappuwa,Central Mangrove Area 4,7.731,79.799667
Udappuwa,Central Mangrove Area 5,7.730775,79.796111
Udappuwa,Central Mangrove Area 6,7.730556,79.800554
Udappuwa,Central Mangrove Area 7,7.730333,79.800113
Udappuwa,Central Mangrove Area 8,7.729488,79.797269
Udappuwa,Central Mangrove Area 9,7.729186,79.798704
Udappuwa,Central Mangrove Area 10,7.729,79.800113
Udappuwa,Central Mangrove Area 11,7.729,79.800554
Udappuwa,Central Mangrove Area 12,7.727381,79.796191
Udappuwa,Central Mangrove Area 13,7.725946,79.804277
Udappuwa,Central Mangrove Area 14,7.725888,79.803332
Udappuwa,Central Mangrove Area 15,7.725222,79.802888
Udappuwa,Central Mangrove Area 16,7.725149,79.803964
Udappuwa,Central Mangrove Area 17,7.725,79.805223
Udappuwa,Central Mangrove Area 18,7.724777,79.796889
Udappuwa,Southern Mangrove Area 1,7.724554,79.795332
Udappuwa,Southern Mangrove Area 2,7.724554,79.804112
Udappuwa,Southern Mangrove Area 3,7.724497,79.803243
Udappuwa,Southern Mangrove Area 4,7.724113,79.795444
Udappuwa,Southern Mangrove Area 5,7.724113,79.802222
Udappuwa,Southern Mangrove Area 6,7.72337,79.804925
Udappuwa,Southern Mangrove Area 7,7.723364,79.803848
Udappuwa,Southern Mangrove Area 8,7.722826,79.796036
Udappuwa,Southern Mangrove Area 9,7.722557,79.804333
Udappuwa,Southern Mangrove Area 10,7.722233,79.79964
Udappuwa,Southern Mangrove Area 11,7.721888,79.796222
Udappuwa,Southern Mangrove Area 12,7.721,79.79589
Udappuwa,Southern Mangrove Area 13,7.720243,79.796467
Udappuwa,Southern Mangrove Area 14,7.719711,79.7974
Udappuwa,Southern Mangrove Area 15,7.71913,79.802542
Udappuwa,Southern Mangrove Area 16,7.718998,79.799444
Udappuwa,Southern Mangrove Area 17,7.718557,79.797999
Udappuwa,Southern Mangrove Area 18,7.718279,79.797221
Udappuwa,Southern Mangrove Area 19,7.71706,79.799686
Unknown Location,Northern Mangrove Area 1,8.338562,79.802845
Unknown Location,Northern Mangrove Area 2,8.337536,79.80459
Unknown Location,Northern Mangrove Area 3,8.337324,79.803323
Unknown Location,Northern Mangrove Area 4,8.337221,79.841333
Unknown Location,Northern Mangrove Area 5,8.336335,79.804222
Unknown Location,Northern Mangrove Area 6,8.335444,79.844001
Unknown Location,Northern Mangrove Area 7,8.335132,79.804602
Unknown Location,Northern Mangrove Area 8,8.331601,79.805893
Unknown Location,Northern Mangrove Area 9,8.330852,79.770197
Unknown Location,Northern Mangrove Area 10,8.330037,79.770076
Unknown Location,Northern Mangrove Area 11,8.329914,79.771099
Unknown Location,Northern Mangrove Area 12,8.328111,79.84189
Unknown Location,Northern Mangrove Area 13,8.327682,79.808354
Unknown Location,Northern Mangrove Area 14,8.32709,79.843089
Unknown Location,Northern Mangrove Area 15,8.327001,79.844779
Unknown Location,Northern Mangrove Area 16,8.326925,79.844309
Unknown Location,Northern Mangrove Area 17,8.32627,79.766873
Unknown Location,Northern Mangrove Area 18,8.324396,79.856366
Unknown Location,Northern Mangrove Area 19,8.323935,79.855156
Unknown Location,Northern Mangrove Area 20,8.321325,79.808933
Unknown Location,Northern Mangrove Area 21,8.321311,79.854732
Unknown Location,Northern Mangrove Area 22,8.319889,79.848556
Unknown Location,Northern Mangrove Area 23,8.317135,79.84678
Unknown Location,Northern Mangrove Area 24,8.315877,79.842395
Unknown Location,Northern Mangrove Area 25,8.305222,79.796445
Unknown Location,Central Mangrove Area 1,8.30427,79.799828
Unknown Location,Central Mangrove Area 2,8.303263,79.800819
Unknown Location,Central Mangrove Area 3,8.30143,79.796985
Unknown Location,Central Mangrove Area 4,8.301001,79.796556
Unknown Location,Central Mangrove Area 5,8.300844,79.795631
Unknown Location,Central Mangrove Area 6,8.300573,79.797342
Unknown Location,Central Mangrove Area 7,8.295815,79.798772
Unknown Location,Central Mangrove Area 8,8.284217,79.79454
Unknown Location,Central Mangrove Area 9,8.284083,79.792638
Unknown Location,Central Mangrove Area 10,8.282186,79.857964
Unknown Location,Central Mangrove Area 11,8.280383,79.855091
Unknown Location,Central Mangrove Area 12,8.278999,79.853889
Unknown Location,Central Mangrove Area 13,8.278378,79.853933
Unknown Location,Central Mangrove Area 14,8.274679,79.849692
Unknown Location,Central Mangrove Area 15,8.274112,79.853889
Unknown Location,Central Mangrove Area 16,8.27406,79.853518
Unknown Location,Central Mangrove Area 17,8.272267,79.844954
Unknown Location,Central Mangrove Area 18,8.272253,79.849264
Unknown Location,Central Mangrove Area 19,8.27133,79.850445
Unknown Location,Central Mangrove Area 20,8.270999,79.851472
Unknown Location,Central Mangrove Area 21,8.270611,79.843834
Unknown Location,Central Mangrove Area 22,8.270335,79.850333
Unknown Location,Central Mangrove Area 23,8.270112,79.844111
Unknown Location,Central Mangrove Area 24,8.269814,79.850481
Unknown Location,Central Mangrove Area 25,8.269478,79.853563
Unknown Location,Southern Mangrove Area 1,8.268934,79.844808
Unknown Location,Southern Mangrove Area 2,8.268184,79.848259
Unknown Location,Southern Mangrove Area 3,8.267889,79.849332
Unknown Location,Southern Mangrove Area 4,8.267741,79.843371
Unknown Location,Southern Mangrove Area 5,8.267509,79.842715
Unknown Location,Southern Mangrove Area 6,8.266999,79.845667
Unknown Location,Southern Mangrove Area 7,8.266776,79.846333
Unknown Location,Southern Mangrove Area 8,8.266422,79.848004
Unknown Location,Southern Mangrove Area 9,8.26642,79.850444
Unknown Location,Southern Mangrove Area 10,8.266335,79.846666
Unknown Location,Southern Mangrove Area 11,8.175322,79.750195
Unknown Location,Southern Mangrove Area 12,8.170335,79.744153
Unknown Location,Southern Mangrove Area 13,8.169889,79.742889
Unknown Location,Southern Mangrove Area 14,8.169555,79.743776
Unknown Location,Southern Mangrove Area 15,8.169533,79.741977
Unknown Location,Southern Mangrove Area 16,8.169443,79.740998
Unknown Location,Southern Mangrove Area 17,8.169443,79.742777
Unknown Location,Southern Mangrove Area 18,8.169111,79.741221
Unknown Location,Southern Mangrove Area 19,8.168482,79.741742
Unknown Location,Southern Mangrove Area 20,8.168442,79.740118
Unknown Location,Southern Mangrove Area 21,8.167964,79.744094
Unknown Location,Southern Mangrove Area 22,8.167847,79.745874
Unknown Location,Southern Mangrove Area 23,8.167613,79.740778
Unknown Location,Southern Mangrove Area 24,8.165964,79.741518
Unknown Location,Southern Mangrove Area 25,8.165443,79.738778
Unknown Location,Southern Mangrove Area 26,8.164079,79.737418
Vellaimanai,Northern Mangrove Area 1,8.221445,79.734111
Vellaimanai,Northern Mangrove Area 2,8.221222,79.733222
Vellaimanai,Central Mangrove Area 1,8.221037,79.732037
Vellaimanai,Central Mangrove Area 2,8.220704,79.738186
Vellaimanai,Southern Mangrove Area 1,8.220186,79.735519
Vellaimanai,Southern Mangrove Area 2,8.220112,79.736889
Vellal,Northern Mangrove Area,8.468838,79.790365
Vellal,Central Mangrove Area,8.468066,79.789756
Vellal,Southern Mangrove Area,8.466712,79.790322
